disease_id,disease_name,gene_id,score,first_pub_year,last_pub_year,ei,dsi,dpi
ICD10_C50,Cancer, Breast,ESR1,1.0,None,None,0.912,0.297,0.957
ICD10_C50,Cancer, Breast,BRCA1,1.0,1994,2019,0.883,0.341,0.957
ICD10_C50,Cancer, Breast,BRCA2,1.0,1969,2022,0.889,0.355,0.957
ICD10_C50,Cancer, Breast,PIK3CA,1.0,2006,2006,0.949,0.275,0.957
ICD10_C50,Cancer, Breast,TP53,1.0,2010,2019,0.898,0.256,0.957
ICD10_C50,Cancer, Breast,CDH1,1.0,2007,2022,0.922,0.319,0.913
ICD10_C50,Cancer, Breast,PTEN,1.0,2018,2019,0.927,0.29,0.913
ICD10_C50,Cancer, Breast,ATM,1.0,1995,2022,0.902,0.352,0.913
ICD10_C50,Cancer, Breast,CHEK2,1.0,2002,2024,0.883,0.42,0.913
ICD10_C50,Cancer, Breast,FGFR2,1.0,None,None,0.935,0.341,0.913
ICD10_C50,Cancer, Breast,RAD51,1.0,2000,2015,0.891,0.43,0.913
ICD10_C50,Cancer, Breast,BRIP1,1.0,2001,2024,0.858,0.482,0.87
ICD10_C50,Cancer, Breast,BARD1,1.0,2013,2021,0.889,0.547,0.783
ICD10_C50,Cancer, Breast,AKT1,0.9500000000000001,2007,2007,0.953,0.283,0.957
ICD10_C50,Cancer, Breast,KRAS,0.9500000000000001,None,None,0.87,0.283,0.913
ICD10_C50,Cancer, Breast,CAV1,0.9500000000000001,None,None,0.938,0.375,0.913
ICD10_C50,Cancer, Breast,CYP19A1,0.9,None,None,0.95,0.364,0.957
ICD10_C50,Cancer, Breast,MKI67,0.9,None,None,0.94,0.296,0.913
ICD10_C50,Cancer, Breast,TGFB1,0.9,None,None,0.937,0.264,0.913
ICD10_C50,Cancer, Breast,MUC1,0.9,None,None,0.952,0.323,0.957
ICD10_C50,Cancer, Breast,MYC,0.9,None,None,0.931,0.312,0.913
ICD10_C50,Cancer, Breast,ESR2,0.9,None,None,0.894,0.373,0.913
ICD10_C50,Cancer, Breast,STAT3,0.9,None,None,0.987,0.314,0.913
ICD10_C50,Cancer, Breast,TNF,0.9,None,None,0.912,0.226,0.957
ICD10_C50,Cancer, Breast,IL6,0.9,None,None,0.91,0.233,0.957
ICD10_C50,Cancer, Breast,IGFBP3,0.9,None,None,0.797,0.379,0.913
ICD10_C50,Cancer, Breast,VDR,0.9,None,None,0.858,0.336,0.957
ICD10_C50,Cancer, Breast,CTSD,0.9,None,None,0.919,0.418,0.913
ICD10_C50,Cancer, Breast,CDKN2A,0.9,None,None,0.901,0.31,0.913
ICD10_C50,Cancer, Breast,ADIPOQ,0.9,None,None,0.908,0.332,0.957
ICD10_C50,Cancer, Breast,GSTM1,0.9,None,None,0.754,0.368,1.0
ICD10_C50,Cancer, Breast,CYP1A1,0.9,None,None,0.818,0.399,0.957
ICD10_C50,Cancer, Breast,CYP1B1,0.9,None,None,0.8,0.433,0.913
ICD10_C50,Cancer, Breast,IFNG,0.9,None,None,0.909,0.27,1.0
ICD10_C50,Cancer, Breast,COMT,0.9,None,None,0.787,0.381,0.957
ICD10_C50,Cancer, Breast,IL1B,0.9,None,None,0.925,0.265,0.957
ICD10_C50,Cancer, Breast,SOD2,0.9,None,None,0.895,0.353,1.0
ICD10_C50,Cancer, Breast,CDKN1B,0.9,None,None,0.933,0.39,0.957
ICD10_C50,Cancer, Breast,GSTT1,0.9,None,None,0.743,0.389,0.957
ICD10_C50,Cancer, Breast,NBN,0.8999999999999999,2003,2019,0.824,0.447,0.87
ICD10_C50,Cancer, Breast,PHB1,0.8999999999999999,None,None,0.886,0.506,0.87
ICD10_C50,Cancer, Breast,RB1CC1,0.8999999999999999,None,None,0.923,0.576,0.783
ICD10_C50,Cancer, Breast,NFKB1,0.8500000000000001,None,None,0.977,0.298,0.957
ICD10_C50,Cancer, Breast,PARP1,0.8500000000000001,None,None,0.948,0.366,0.957
ICD10_C50,Cancer, Breast,PALB2,0.8500000000000001,2006,2022,0.916,0.454,0.87
ICD10_C50,Cancer, Breast,GATA3,0.8500000000000001,None,None,0.92,0.376,0.913
ICD10_C50,Cancer, Breast,GSTP1,0.8500000000000001,None,None,0.826,0.365,0.957
ICD10_C50,Cancer, Breast,PTHLH,0.8500000000000001,None,None,0.906,0.391,0.913
ICD10_C50,Cancer, Breast,FOXA1,0.8500000000000001,None,None,0.957,0.477,0.913
ICD10_C50,Cancer, Breast,TWIST1,0.8500000000000001,None,None,0.963,0.37,0.913
ICD10_C50,Cancer, Breast,GNRH1,0.8500000000000001,None,None,0.963,0.415,0.957
ICD10_C50,Cancer, Breast,CASP8,0.8500000000000001,None,None,0.909,0.409,0.913
ICD10_C50,Cancer, Breast,H19,0.8500000000000001,None,None,0.95,0.394,0.913
ICD10_C50,Cancer, Breast,IKBKB,0.8500000000000001,None,None,0.913,0.459,0.913
ICD10_C50,Cancer, Breast,RASSF1,0.8,None,None,0.979,0.416,0.913
ICD10_C50,Cancer, Breast,CYP17A1,0.8,None,None,0.828,0.448,0.913
ICD10_C50,Cancer, Breast,FAS,0.8,None,None,0.959,0.33,0.913
ICD10_C50,Cancer, Breast,MMP1,0.8,None,None,0.944,0.368,0.913
ICD10_C50,Cancer, Breast,BCL2L1,0.8,None,None,0.929,0.392,0.913
ICD10_C50,Cancer, Breast,APC,0.8,2018,2019,0.884,0.364,0.913
ICD10_C50,Cancer, Breast,MAP3K1,0.8,None,None,0.933,0.514,0.783
ICD10_C50,Cancer, Breast,PSEN2,0.8,None,None,0.948,0.474,0.87
ICD10_C50,Cancer, Breast,MSH2,0.8,2018,2019,0.828,0.39,0.957
ICD10_C50,Cancer, Breast,PAK1,0.8,None,None,0.963,0.462,0.913
ICD10_C50,Cancer, Breast,ACE,0.8,None,None,0.788,0.306,0.957
ICD10_C50,Cancer, Breast,CDK1,0.8,None,None,0.962,0.45,0.913
ICD10_C50,Cancer, Breast,AREG,0.8,None,None,0.981,0.453,0.826
ICD10_C50,Cancer, Breast,XRCC3,0.8,None,None,0.824,0.49,0.913
ICD10_C50,Cancer, Breast,STAT1,0.8,None,None,0.96,0.379,0.913
ICD10_C50,Cancer, Breast,PTK2B,0.8,None,None,0.96,0.424,0.913
ICD10_C50,Cancer, Breast,CCNB1,0.8,None,None,0.98,0.46,0.913
ICD10_C50,Cancer, Breast,TLR4,0.8,None,None,0.956,0.321,0.957
ICD10_C50,Cancer, Breast,IL18,0.8,None,None,0.85,0.341,0.957
ICD10_C50,Cancer, Breast,AGT,0.8,None,None,0.865,0.339,0.957
ICD10_C50,Cancer, Breast,RUNX3,0.8,None,None,0.972,0.433,0.913
ICD10_C50,Cancer, Breast,APOE,0.8,None,None,0.943,0.326,0.957
ICD10_C50,Cancer, Breast,PPM1D,0.8,None,None,0.941,0.507,0.87
ICD10_C50,Cancer, Breast,NOS3,0.8,None,None,0.912,0.361,1.0
ICD10_C50,Cancer, Breast,MGMT,0.8,None,None,0.906,0.396,0.913
ICD10_C50,Cancer, Breast,CTLA4,0.8,None,None,0.968,0.354,0.957
ICD10_C50,Cancer, Breast,MMP3,0.8,None,None,0.966,0.391,0.913
ICD10_C50,Cancer, Breast,CYP1A2,0.8,None,None,0.828,0.445,0.913
ICD10_C50,Cancer, Breast,GPX1,0.8,None,None,0.897,0.423,0.913
ICD10_C50,Cancer, Breast,AGTR1,0.8,None,None,0.786,0.405,0.913
ICD10_C50,Cancer, Breast,OGG1,0.8,None,None,0.778,0.454,0.913
ICD10_C50,Cancer, Breast,SULT1E1,0.8,None,None,0.917,0.521,0.913
ICD10_C50,Cancer, Breast,TSG101,0.8,None,None,0.909,0.545,0.783
ICD10_C50,Cancer, Breast,TCF7L2,0.8,None,None,0.952,0.457,0.913
ICD10_C50,Cancer, Breast,HMMR,0.8,None,None,0.85,0.513,0.87
ICD10_C50,Cancer, Breast,TP73,0.8,None,None,0.95,0.451,0.87
ICD10_C50,Cancer, Breast,NF2,0.8,2018,2019,1.0,0.443,0.957
ICD10_C50,Cancer, Breast,ADM,0.8,None,None,0.941,0.407,0.913
ICD10_C50,Cancer, Breast,CCR5,0.8,None,None,0.941,0.403,0.913
ICD10_C50,Cancer, Breast,CDH13,0.8,None,None,0.875,0.465,0.957
ICD10_C50,Cancer, Breast,BIK,0.8,None,None,0.875,0.554,0.783
ICD10_C50,Cancer, Breast,ADIPOR1,0.8,None,None,0.875,0.508,0.87
ICD10_C50,Cancer, Breast,TLR2,0.8,None,None,0.933,0.363,0.913
ICD10_C50,Cancer, Breast,PPP2R2B,0.8,None,None,1.0,0.469,0.913
ICD10_C50,Cancer, Breast,BIRC2,0.8,None,None,0.909,0.499,0.87
ICD10_C50,Cancer, Breast,NOD2,0.8,None,None,0.6,0.41,0.87
ICD10_C50,Cancer, Breast,PRKAA2,0.75,None,None,0.99,0.385,0.913
ICD10_C50,Cancer, Breast,FN1,0.75,None,None,0.976,0.349,0.913
ICD10_C50,Cancer, Breast,SOX2,0.75,None,None,0.986,0.382,0.913
ICD10_C50,Cancer, Breast,STK11,0.75,2018,2019,0.923,0.401,0.913
ICD10_C50,Cancer, Breast,MLH1,0.75,2016,2019,0.867,0.382,0.913
ICD10_C50,Cancer, Breast,RET,0.75,2018,2019,0.981,0.366,0.913
ICD10_C50,Cancer, Breast,NOS2,0.75,None,None,0.812,0.333,1.0
ICD10_C50,Cancer, Breast,SULT1A1,0.75,None,None,0.75,0.531,0.826
ICD10_C50,Cancer, Breast,BCAR1,0.75,None,None,0.977,0.498,0.913
ICD10_C50,Cancer, Breast,HDAC7,0.75,None,None,1.0,0.429,0.913
ICD10_C50,Cancer, Breast,XBP1,0.75,None,None,0.927,0.467,0.957
ICD10_C50,Cancer, Breast,ERCC1,0.75,None,None,0.923,0.421,0.913
ICD10_C50,Cancer, Breast,APEX1,0.75,None,None,0.895,0.428,0.913
ICD10_C50,Cancer, Breast,ERCC2,0.75,None,None,0.784,0.419,0.913
ICD10_C50,Cancer, Breast,FBXW7,0.75,None,None,0.971,0.444,0.913
ICD10_C50,Cancer, Breast,GLI1,0.75,None,None,0.941,0.412,0.913
ICD10_C50,Cancer, Breast,SERPINE2,0.75,None,None,0.906,0.444,0.87
ICD10_C50,Cancer, Breast,NF1,0.75,None,None,0.9,0.373,0.913
ICD10_C50,Cancer, Breast,ENG,0.75,None,None,0.933,0.386,0.913
ICD10_C50,Cancer, Breast,CLU,0.75,None,None,1.0,0.39,0.913
ICD10_C50,Cancer, Breast,MSH6,0.75,2018,2019,0.893,0.434,0.913
ICD10_C50,Cancer, Breast,MRE11,0.75,None,None,0.821,0.504,0.87
ICD10_C50,Cancer, Breast,FABP4,0.75,None,None,0.923,0.437,0.913
ICD10_C50,Cancer, Breast,PMS2,0.75,2010,2019,0.88,0.461,0.913
ICD10_C50,Cancer, Breast,ADAM12,0.75,None,None,0.88,0.53,0.783
ICD10_C50,Cancer, Breast,KDM5B,0.75,None,None,0.917,0.508,0.87
ICD10_C50,Cancer, Breast,ARID1A,0.75,None,None,1.0,0.415,0.913
ICD10_C50,Cancer, Breast,GRB2,0.75,None,None,0.957,0.529,0.783
ICD10_C50,Cancer, Breast,ATF2,0.75,None,None,0.909,0.453,0.913
ICD10_C50,Cancer, Breast,UGT1A1,0.75,None,None,0.81,0.449,0.957
ICD10_C50,Cancer, Breast,TEK,0.75,None,None,0.905,0.424,0.913
ICD10_C50,Cancer, Breast,PON1,0.75,None,None,0.95,0.407,1.0
ICD10_C50,Cancer, Breast,DUSP1,0.75,None,None,0.789,0.471,0.913
ICD10_C50,Cancer, Breast,PDCD4,0.75,None,None,0.895,0.477,0.913
ICD10_C50,Cancer, Breast,IFNB1,0.75,None,None,0.947,0.399,0.913
ICD10_C50,Cancer, Breast,AXIN2,0.75,2018,2019,0.944,0.488,0.87
ICD10_C50,Cancer, Breast,GSN,0.75,None,None,0.944,0.443,0.913
ICD10_C50,Cancer, Breast,ROR1,0.75,None,None,1.0,0.486,0.913
ICD10_C50,Cancer, Breast,PER2,0.75,None,None,0.929,0.482,0.957
ICD10_C50,Cancer, Breast,MMP8,0.75,None,None,0.929,0.45,0.913
ICD10_C50,Cancer, Breast,MAGED2,0.75,None,None,0.786,0.617,0.739
ICD10_C50,Cancer, Breast,ABCA3,0.75,None,None,1.0,0.46,0.87
ICD10_C50,Cancer, Breast,TOP1,0.75,None,None,0.846,0.52,0.87
ICD10_C50,Cancer, Breast,GPNMB,0.75,None,None,0.923,0.507,0.826
ICD10_C50,Cancer, Breast,AOPEP,0.75,2018,2019,0.923,0.45,0.913
ICD10_C50,Cancer, Breast,ABCB6,0.75,None,None,1.0,0.472,0.87
ICD10_C50,Cancer, Breast,RPS6KA3,0.75,None,None,0.917,0.496,0.87
ICD10_C50,Cancer, Breast,LTA,0.75,None,None,0.917,0.414,0.913
ICD10_C50,Cancer, Breast,SEMA3A,0.75,None,None,1.0,0.422,0.913
ICD10_C50,Cancer, Breast,RELB,0.75,None,None,0.909,0.539,0.826
ICD10_C50,Cancer, Breast,DDX3X,0.75,None,None,0.909,0.469,0.913
ICD10_C50,Cancer, Breast,WRN,0.75,None,None,0.818,0.503,0.826
ICD10_C50,Cancer, Breast,PER1,0.75,None,None,0.9,0.521,0.957
ICD10_C50,Cancer, Breast,CUX1,0.75,None,None,1.0,0.519,0.87
ICD10_C50,Cancer, Breast,XDH,0.75,None,None,0.9,0.468,0.913
ICD10_C50,Cancer, Breast,LHCGR,0.75,None,None,0.714,0.491,0.826
ICD10_C50,Cancer, Breast,NCOA6,0.75,None,None,0.833,0.589,0.826
ICD10_C50,Cancer, Breast,RAD51C,0.7,2018,2019,0.817,0.487,0.87
ICD10_C50,Cancer, Breast,RAD51D,0.7,2017,2019,0.911,0.575,0.652
ICD10_C50,Cancer, Breast,RAD50,0.7,2018,2019,0.814,0.517,0.826
ICD10_C50,Cancer, Breast,CYP2C19,0.7,None,None,0.765,0.43,0.957
ICD10_C50,Cancer, Breast,MUTYH,0.7,2018,2019,0.774,0.459,0.87
ICD10_C50,Cancer, Breast,CCND2,0.7,None,None,0.967,0.444,0.913
ICD10_C50,Cancer, Breast,POLD1,0.7,2018,2019,0.944,0.486,0.913
ICD10_C50,Cancer, Breast,INHBE,0.7,None,None,0.941,0.464,0.87
ICD10_C50,Cancer, Breast,ADAR,0.7,None,None,1.0,0.484,0.87
ICD10_C50,Cancer, Breast,CDKN2B,0.7,2018,2019,1.0,0.418,0.957
ICD10_C50,Cancer, Breast,PRDX5,0.7,None,None,0.923,0.487,0.913
ICD10_C50,Cancer, Breast,KEAP1,0.7,None,None,1.0,0.451,0.913
ICD10_C50,Cancer, Breast,TIMELESS,0.7,None,None,1.0,0.556,0.957
ICD10_C50,Cancer, Breast,VWF,0.7,None,None,0.909,0.352,0.957
ICD10_C50,Cancer, Breast,KDM3A,0.7,None,None,0.9,0.554,0.826
ICD10_C50,Cancer, Breast,FANCD2,0.7,2018,2019,1.0,0.48,0.913
ICD10_C50,Cancer, Breast,SRSF1,0.7,None,None,0.9,0.519,0.87
ICD10_C50,Cancer, Breast,CASP7,0.7,None,None,1.0,0.519,0.913
ICD10_C50,Cancer, Breast,PTPN13,0.7,None,None,1.0,0.526,0.913
ICD10_C50,Cancer, Breast,FANCC,0.7,2018,2019,1.0,0.494,0.87
ICD10_C50,Cancer, Breast,F10,0.7,None,None,0.857,0.451,0.913
ICD10_C50,Cancer, Breast,EBAG9,0.7,None,None,1.0,0.516,0.652
ICD10_C50,Cancer, Breast,PRKAA1,0.7,None,None,1.0,0.526,0.913
ICD10_C50,Cancer, Breast,KRT81,0.7,None,None,1.0,0.59,0.783
ICD10_C50,Cancer, Breast,RAD54L,0.7,None,None,1.0,0.598,0.696
ICD10_C50,Cancer, Breast,KAT6B,0.7,None,None,1.0,0.502,0.826
ICD10_C50,Cancer, Breast,CDKN2B-AS1,0.65,2018,2019,1.0,0.448,0.913
ICD10_C50,Cancer, Breast,ABRAXAS1,0.65,2012,2019,0.833,0.717,0.391
ICD10_C50,Cancer, Breast,CXCR5,0.65,None,None,1.0,0.446,0.913
ICD10_C50,Cancer, Breast,CLCA2,0.65,None,None,1.0,0.612,0.739
ICD10_C50,Cancer, Breast,TNFAIP3,0.65,None,None,1.0,0.426,0.913
ICD10_C50,Cancer, Breast,ANKRD30A,0.65,None,None,1.0,0.682,0.261
ICD10_C50,Cancer, Breast,CBFB,0.65,None,None,1.0,0.538,0.826
ICD10_C50,Cancer, Breast,KDM4B,0.65,None,None,1.0,0.537,0.783
ICD10_C50,Cancer, Breast,HLA-DRB1,0.65,None,None,1.0,0.375,0.957
ICD10_C50,Cancer, Breast,F5,0.65,None,None,0.875,0.389,0.913
ICD10_C50,Cancer, Breast,WIF1,0.65,None,None,1.0,0.488,0.87
ICD10_C50,Cancer, Breast,GAB1,0.65,None,None,1.0,0.555,0.783
ICD10_C50,Cancer, Breast,POU2F1,0.65,None,None,1.0,0.433,0.913
ICD10_C50,Cancer, Breast,SHMT1,0.65,None,None,0.714,0.554,0.739
ICD10_C50,Cancer, Breast,EIF3M,0.65,None,None,1.0,0.55,0.913
ICD10_C50,Cancer, Breast,ACSL3,0.65,None,None,1.0,0.614,0.783
ICD10_C50,Cancer, Breast,G3BP2,0.65,None,None,0.833,0.637,0.609
ICD10_C50,Cancer, Breast,EDNRA,0.65,None,None,1.0,0.442,0.913
ICD10_C50,Cancer, Breast,HFE,0.65,None,None,1.0,0.42,0.913
ICD10_C50,Cancer, Breast,ROBO1,0.65,None,None,1.0,0.48,0.913
ICD10_C50,Cancer, Breast,NET1,0.65,None,None,0.833,0.641,0.478
ICD10_C50,Cancer, Breast,WRAP53,0.65,2018,2019,1.0,0.564,0.826
ICD10_C50,Cancer, Breast,HLA-DQA1,0.65,None,None,1.0,0.443,0.913
ICD10_C50,Cancer, Breast,FAAH,0.65,None,None,1.0,0.501,0.913
ICD10_C50,Cancer, Breast,FANCA,0.65,None,None,1.0,0.49,0.87
ICD10_C50,Cancer, Breast,EIF3H,0.65,None,None,1.0,0.65,0.739
ICD10_C50,Cancer, Breast,IFNA2,0.65,None,None,1.0,0.423,0.87
ICD10_C50,Cancer, Breast,TMPRSS6,0.65,None,None,1.0,0.598,0.652
ICD10_C50,Cancer, Breast,DLEC1,0.65,None,None,1.0,0.57,0.696
ICD10_C50,Cancer, Breast,SUSD3,0.65,None,None,1.0,0.869,0.174
ICD10_C50,Cancer, Breast,RNF20,0.65,None,None,1.0,0.639,0.565
ICD10_C50,Cancer, Breast,SRARP,0.65,None,None,1.0,0.713,0.435
ICD10_C50,Cancer, Breast,SNW1,0.65,None,None,1.0,0.659,0.609
ICD10_C50,Cancer, Breast,GPC1,0.65,None,None,0.75,0.532,0.87
ICD10_C50,Cancer, Breast,CBX7,0.65,None,None,0.75,0.564,0.522
ICD10_C50,Cancer, Breast,SLC22A18,0.65,None,None,1.0,0.618,0.652
ICD10_C50,Cancer, Breast,CDC27,0.65,None,None,1.0,0.624,0.609
ICD10_C50,Cancer, Breast,ALOX5AP,0.65,None,None,0.75,0.528,0.913
ICD10_C50,Cancer, Breast,ZMIZ1,0.65,None,None,1.0,0.532,0.87
ICD10_C50,Cancer, Breast,RASAL2,0.65,None,None,1.0,0.611,0.478
ICD10_C50,Cancer, Breast,CDKN2C,0.65,None,None,0.75,0.498,0.913
ICD10_C50,Cancer, Breast,NQO2,0.65,None,None,1.0,0.593,0.739
ICD10_C50,Cancer, Breast,IRF8,0.65,None,None,0.333,0.494,0.87
ICD10_C50,Cancer, Breast,WNK1,0.65,None,None,1.0,0.509,0.826
ICD10_C50,Cancer, Breast,APC2,0.65,None,None,1.0,0.523,0.87
ICD10_C50,Cancer, Breast,SLAMF1,0.65,None,None,1.0,0.551,0.783
ICD10_C50,Cancer, Breast,PFKFB4,0.65,None,None,1.0,0.608,0.609
ICD10_C50,Cancer, Breast,BCAS2,0.65,None,None,1.0,0.722,0.522
ICD10_C50,Cancer, Breast,MANF,0.65,None,None,1.0,0.491,0.913
ICD10_C50,Cancer, Breast,MMP10,0.65,None,None,1.0,0.492,0.87
ICD10_C50,Cancer, Breast,CYB5R3,0.65,None,None,0.5,0.55,0.87
ICD10_C50,Cancer, Breast,MAGEA1,0.65,None,None,1.0,0.572,0.609
ICD10_C50,Cancer, Breast,KTN1,0.65,None,None,1.0,0.662,0.783
ICD10_C50,Cancer, Breast,DOP1A,0.65,None,None,1.0,0.722,0.391
ICD10_C50,Cancer, Breast,GOLIM4,0.65,None,None,1.0,0.727,0.565
ICD10_C50,Cancer, Breast,XPO5,0.65,None,None,1.0,0.547,0.826
ICD10_C50,Cancer, Breast,SLX4,0.6000000000000001,2012,2019,0.692,0.513,0.87
ICD10_C50,Cancer, Breast,PAH,0.6000000000000001,2007,2019,1.0,0.477,0.913
ICD10_C50,Cancer, Breast,RECQL4,0.6000000000000001,2018,2019,0.778,0.473,0.87
ICD10_C50,Cancer, Breast,BMPR1A,0.6000000000000001,2013,2019,0.889,0.473,0.913
ICD10_C50,Cancer, Breast,PLXNB1,0.6000000000000001,None,None,0.875,0.614,0.565
ICD10_C50,Cancer, Breast,RARG,0.6000000000000001,None,None,0.875,0.545,0.783
ICD10_C50,Cancer, Breast,PRODH,0.6000000000000001,None,None,1.0,0.577,0.739
ICD10_C50,Cancer, Breast,KDM4C,0.6000000000000001,None,None,1.0,0.574,0.826
ICD10_C50,Cancer, Breast,EP300,0.6000000000000001,None,None,1.0,0.42,0.957
ICD10_C50,Cancer, Breast,PLD2,0.6000000000000001,None,None,0.875,0.585,0.783
ICD10_C50,Cancer, Breast,H4C1,0.6000000000000001,None,None,1.0,0.542,0.826
ICD10_C50,Cancer, Breast,RAC2,0.6000000000000001,None,None,0.714,0.518,0.913
ICD10_C50,Cancer, Breast,EREG,0.6000000000000001,None,None,1.0,0.516,0.826
ICD10_C50,Cancer, Breast,SLC35A2,0.6000000000000001,None,None,1.0,0.508,0.957
ICD10_C50,Cancer, Breast,COL11A1,0.6000000000000001,None,None,1.0,0.474,0.826
ICD10_C50,Cancer, Breast,SULF2,0.6000000000000001,None,None,1.0,0.552,0.783
ICD10_C50,Cancer, Breast,MYH9,0.6000000000000001,None,None,0.857,0.472,0.826
ICD10_C50,Cancer, Breast,UBR5,0.6000000000000001,None,None,1.0,0.559,0.826
ICD10_C50,Cancer, Breast,MSI1,0.6000000000000001,None,None,1.0,0.526,0.783
ICD10_C50,Cancer, Breast,TACC2,0.6000000000000001,None,None,1.0,0.647,0.739
ICD10_C50,Cancer, Breast,DNASE1L3,0.6000000000000001,None,None,1.0,0.507,0.826
ICD10_C50,Cancer, Breast,ECT2,0.6000000000000001,None,None,1.0,0.606,0.478
ICD10_C50,Cancer, Breast,IL13RA2,0.6000000000000001,None,None,1.0,0.546,0.826
ICD10_C50,Cancer, Breast,MCPH1,0.6000000000000001,None,None,1.0,0.589,0.696
ICD10_C50,Cancer, Breast,MAOA,0.6000000000000001,None,None,1.0,0.425,0.957
ICD10_C50,Cancer, Breast,MYOD1,0.6000000000000001,None,None,1.0,0.492,0.87
ICD10_C50,Cancer, Breast,SREBF2,0.6000000000000001,None,None,1.0,0.503,0.826
ICD10_C50,Cancer, Breast,TSHR,0.6000000000000001,2018,2019,1.0,0.436,0.913
ICD10_C50,Cancer, Breast,LOC111589215,0.6000000000000001,2018,2019,0.833,0.7,0.435
ICD10_C50,Cancer, Breast,RAP1GAP,0.6000000000000001,None,None,1.0,0.501,0.826
ICD10_C50,Cancer, Breast,POLE,0.6000000000000001,2018,2019,1.0,0.474,0.87
ICD10_C50,Cancer, Breast,FANCI,0.6000000000000001,2018,2019,1.0,0.519,0.87
ICD10_C50,Cancer, Breast,STAT4,0.6000000000000001,None,None,1.0,0.436,0.913
ICD10_C50,Cancer, Breast,SGK3,0.6000000000000001,None,None,1.0,0.65,0.739
ICD10_C50,Cancer, Breast,EHMT1,0.6000000000000001,None,None,1.0,0.423,0.913
ICD10_C50,Cancer, Breast,BCL11A,0.6000000000000001,None,None,0.8,0.479,0.913
ICD10_C50,Cancer, Breast,EXT1,0.6000000000000001,2018,2019,1.0,0.494,0.913
ICD10_C50,Cancer, Breast,NEDD4,0.6000000000000001,None,None,0.8,0.561,0.87
ICD10_C50,Cancer, Breast,AP1M1,0.6000000000000001,None,None,0.8,0.518,0.957
ICD10_C50,Cancer, Breast,FUS,0.6000000000000001,None,None,1.0,0.44,0.957
ICD10_C50,Cancer, Breast,KCNIP3,0.6000000000000001,None,None,1.0,0.556,0.826
ICD10_C50,Cancer, Breast,ATP2A3,0.6000000000000001,None,None,1.0,0.602,0.739
ICD10_C50,Cancer, Breast,OLA1,0.6000000000000001,None,None,0.75,0.664,0.522
ICD10_C50,Cancer, Breast,SLCO2B1,0.6000000000000001,None,None,0.75,0.612,0.696
ICD10_C50,Cancer, Breast,AMFR,0.6000000000000001,None,None,1.0,0.555,0.826
ICD10_C50,Cancer, Breast,ARID1B,0.6000000000000001,None,None,1.0,0.395,0.913
ICD10_C50,Cancer, Breast,BGN,0.6000000000000001,None,None,1.0,0.478,0.87
ICD10_C50,Cancer, Breast,CLSPN,0.6000000000000001,None,None,0.5,0.639,0.522
ICD10_C50,Cancer, Breast,MAGEC2,0.6000000000000001,None,None,1.0,0.62,0.652
ICD10_C50,Cancer, Breast,GEN1,0.6000000000000001,None,None,0.5,0.589,0.87
ICD10_C50,Cancer, Breast,LGALS2,0.6000000000000001,None,None,1.0,0.615,0.696
ICD10_C50,Cancer, Breast,SIK3,0.6000000000000001,None,None,1.0,0.574,0.826
ICD10_C50,Cancer, Breast,TRIM29,0.6000000000000001,None,None,0.75,0.568,0.739
ICD10_C50,Cancer, Breast,AFF1,0.6000000000000001,None,None,1.0,0.545,0.783
ICD10_C50,Cancer, Breast,PLA2G4A,0.6000000000000001,None,None,1.0,0.479,0.913
ICD10_C50,Cancer, Breast,ABCA4,0.6000000000000001,None,None,1.0,0.461,0.913
ICD10_C50,Cancer, Breast,RAPH1,0.6000000000000001,None,None,0.75,0.639,0.652
ICD10_C50,Cancer, Breast,ACCS,0.6000000000000001,None,None,1.0,0.751,0.478
ICD10_C50,Cancer, Breast,ERCC6,0.6000000000000001,None,None,0.667,0.469,0.913
ICD10_C50,Cancer, Breast,POP1,0.6000000000000001,None,None,1.0,0.637,0.565
ICD10_C50,Cancer, Breast,FLNB,0.6000000000000001,None,None,1.0,0.46,0.87
ICD10_C50,Cancer, Breast,PLS3,0.6000000000000001,None,None,1.0,0.599,0.696
ICD10_C50,Cancer, Breast,PCDH8,0.6000000000000001,None,None,0.667,0.641,0.696
ICD10_C50,Cancer, Breast,MACF1,0.6000000000000001,None,None,1.0,0.564,0.783
ICD10_C50,Cancer, Breast,CHD5,0.6000000000000001,None,None,1.0,0.564,0.783
ICD10_C50,Cancer, Breast,UTP20,0.6000000000000001,None,None,0.667,0.622,0.609
ICD10_C50,Cancer, Breast,PRP4K,0.6000000000000001,None,None,1.0,0.689,0.348
ICD10_C50,Cancer, Breast,KALRN,0.6000000000000001,None,None,1.0,0.551,0.87
ICD10_C50,Cancer, Breast,HDAC4,0.6000000000000001,None,None,1.0,0.463,0.913
ICD10_C50,Cancer, Breast,CSNK1D,0.6000000000000001,None,None,1.0,0.556,0.783
ICD10_C50,Cancer, Breast,SORBS1,0.6000000000000001,None,None,1.0,0.652,0.696
ICD10_C50,Cancer, Breast,CLIP1,0.6000000000000001,None,None,1.0,0.602,0.826
ICD10_C50,Cancer, Breast,PPP1R3A,0.6000000000000001,None,None,0.667,0.541,0.913
ICD10_C50,Cancer, Breast,PDCD6,0.6000000000000001,None,None,0.667,0.625,0.696
ICD10_C50,Cancer, Breast,EIF4A2,0.6000000000000001,None,None,1.0,0.576,0.87
ICD10_C50,Cancer, Breast,PDLIM7,0.6000000000000001,None,None,0.667,0.511,0.913
ICD10_C50,Cancer, Breast,PTPRC,0.6000000000000001,None,None,1.0,0.414,0.913
ICD10_C50,Cancer, Breast,MAGEE1,0.6000000000000001,None,None,1.0,0.532,0.87
ICD10_C50,Cancer, Breast,MCOLN1,0.6000000000000001,None,None,1.0,0.558,0.913
ICD10_C50,Cancer, Breast,FOXP4,0.6000000000000001,None,None,1.0,0.602,0.783
ICD10_C50,Cancer, Breast,HDLBP,0.6000000000000001,None,None,1.0,0.609,0.826
ICD10_C50,Cancer, Breast,HSD11B1,0.6000000000000001,None,None,1.0,0.488,0.957
ICD10_C50,Cancer, Breast,FBXO8,0.6000000000000001,None,None,0.667,0.609,0.739
ICD10_C50,Cancer, Breast,TCP1,0.6000000000000001,None,None,1.0,0.591,0.783
ICD10_C50,Cancer, Breast,OBSCN,0.6000000000000001,None,None,1.0,0.595,0.609
ICD10_C50,Cancer, Breast,SMOX,0.6000000000000001,None,None,0.667,0.582,0.87
ICD10_C50,Cancer, Breast,ACO2,0.6000000000000001,None,None,0.333,0.528,0.87
ICD10_C50,Cancer, Breast,AQP8,0.6000000000000001,None,None,1.0,0.612,0.739
ICD10_C50,Cancer, Breast,ERCC3,0.6000000000000001,None,None,1.0,0.506,0.913
ICD10_C50,Cancer, Breast,CFL2,0.6000000000000001,None,None,1.0,0.622,0.609
ICD10_C50,Cancer, Breast,DIP2C,0.6000000000000001,None,None,1.0,0.693,0.522
ICD10_C50,Cancer, Breast,SPEN,0.6000000000000001,None,None,1.0,0.512,0.826
ICD10_C50,Cancer, Breast,PLCB1,0.6000000000000001,None,None,1.0,0.541,0.826
ICD10_C50,Cancer, Breast,PCDHB15,0.6000000000000001,None,None,1.0,0.696,0.391
ICD10_C50,Cancer, Breast,ARAP3,0.6000000000000001,None,None,1.0,0.708,0.522
ICD10_C50,Cancer, Breast,MFAP5,0.6000000000000001,None,None,1.0,0.539,0.783
ICD10_C50,Cancer, Breast,CD2,0.6000000000000001,None,None,1.0,0.477,0.783
ICD10_C50,Cancer, Breast,GSDMB,0.6000000000000001,None,None,1.0,0.566,0.826
ICD10_C50,Cancer, Breast,SLC6A3,0.6000000000000001,None,None,0.5,0.432,0.957
ICD10_C50,Cancer, Breast,TBXAS1,0.6000000000000001,None,None,0.5,0.554,0.739
ICD10_C50,Cancer, Breast,ADHFE1,0.6000000000000001,None,None,1.0,0.673,0.348
ICD10_C50,Cancer, Breast,NSMCE2,0.6000000000000001,None,None,1.0,0.647,0.783
ICD10_C50,Cancer, Breast,ITGA9,0.6000000000000001,None,None,1.0,0.583,0.826
ICD10_C50,Cancer, Breast,TPM4,0.6000000000000001,None,None,1.0,0.629,0.696
ICD10_C50,Cancer, Breast,ZNF668,0.6000000000000001,None,None,1.0,0.629,0.739
ICD10_C50,Cancer, Breast,ARHGAP29,0.6000000000000001,None,None,1.0,0.641,0.696
ICD10_C50,Cancer, Breast,TXNDC15,0.6000000000000001,None,None,1.0,0.6,0.739
ICD10_C50,Cancer, Breast,CAVIN1,0.6000000000000001,None,None,1.0,0.526,0.826
ICD10_C50,Cancer, Breast,APCS,0.6000000000000001,None,None,1.0,0.486,0.87
ICD10_C50,Cancer, Breast,DDX10,0.6000000000000001,None,None,0.5,0.696,0.478
ICD10_C50,Cancer, Breast,ZNF281,0.6000000000000001,None,None,1.0,0.662,0.522
ICD10_C50,Cancer, Breast,PDZD4,0.6000000000000001,None,None,0.5,0.583,0.826
ICD10_C50,Cancer, Breast,LRBA,0.6000000000000001,None,None,1.0,0.524,0.826
ICD10_C50,Cancer, Breast,FXR1,0.6000000000000001,None,None,1.0,0.582,0.826
ICD10_C50,Cancer, Breast,UGT1A9,0.6000000000000001,None,None,1.0,0.59,0.696
ICD10_C50,Cancer, Breast,SH2D3A,0.6000000000000001,None,None,0.5,0.727,0.522
ICD10_C50,Cancer, Breast,KLK15,0.6000000000000001,None,None,1.0,0.647,0.565
ICD10_C50,Cancer, Breast,OCA2,0.6000000000000001,None,None,1.0,0.519,0.87
ICD10_C50,Cancer, Breast,TRAPPC8,0.6000000000000001,None,None,1.0,0.689,0.522
ICD10_C50,Cancer, Breast,ZFYVE26,0.6000000000000001,None,None,1.0,0.573,0.696
ICD10_C50,Cancer, Breast,APPL1,0.6000000000000001,None,None,1.0,0.596,0.739
ICD10_C50,Cancer, Breast,DVL3,0.6000000000000001,None,None,1.0,0.522,0.783
ICD10_C50,Cancer, Breast,ARFRP1,0.6000000000000001,None,None,1.0,0.673,0.652
ICD10_C50,Cancer, Breast,TNS1,0.6000000000000001,None,None,1.0,0.542,0.826
ICD10_C50,Cancer, Breast,RPS9,0.6000000000000001,None,None,1.0,0.733,0.565
ICD10_C50,Cancer, Breast,HSD17B8,0.6000000000000001,None,None,1.0,0.804,0.348
ICD10_C50,Cancer, Breast,AKAP8,0.6000000000000001,None,None,1.0,0.679,0.348
ICD10_C50,Cancer, Breast,KCNA5,0.6000000000000001,None,None,1.0,0.544,0.739
ICD10_C50,Cancer, Breast,CUBN,0.6000000000000001,None,None,1.0,0.537,0.826
ICD10_C50,Cancer, Breast,PACC1,0.6000000000000001,None,None,1.0,0.608,0.783
ICD10_C50,Cancer, Breast,DMD,0.6000000000000001,None,None,1.0,0.409,0.913
ICD10_C50,Cancer, Breast,MOSPD1,0.55,None,None,1.0,0.804,0.304
ICD10_C50,Cancer, Breast,SORL1,0.55,None,None,1.0,0.544,0.783
ICD10_C50,Cancer, Breast,ANK2,0.55,None,None,1.0,0.569,0.826
ICD10_C50,Cancer, Breast,NUP214,0.55,None,None,1.0,0.495,0.87
ICD10_C50,Cancer, Breast,SHROOM2,0.55,None,None,0.0,0.595,0.826
ICD10_C50,Cancer, Breast,CDH10,0.55,None,None,1.0,0.664,0.652
ICD10_C50,Cancer, Breast,ARHGEF38,0.55,None,None,1.0,0.664,0.565
ICD10_C50,Cancer, Breast,FANCB,0.5,2018,2019,1.0,0.48,0.913
ICD10_C50,Cancer, Breast,NDUFA8,0.5,None,None,1.0,0.652,0.609
ICD10_C50,Cancer, Breast,NME8,0.5,None,None,0.0,0.58,0.87
ICD10_C50,Cancer, Breast,GRIK3,0.5,None,None,1.0,0.584,0.783
ICD10_C50,Cancer, Breast,ACADM,0.5,None,None,1.0,0.581,0.652
ICD10_C50,Cancer, Breast,KCNJ15,0.5,None,None,1.0,0.667,0.783
ICD10_C50,Cancer, Breast,AKAP9,0.5,None,None,1.0,0.591,0.783
ICD10_C50,Cancer, Breast,HELQ,0.5,None,None,1.0,0.679,0.522
ICD10_C50,Cancer, Breast,PPM1E,0.5,None,None,1.0,0.733,0.435
ICD10_C50,Cancer, Breast,FOLR2,0.5,None,None,1.0,0.584,0.696
ICD10_C50,Cancer, Breast,GABRP,0.5,None,None,1.0,0.682,0.478
ICD10_C50,Cancer, Breast,NIPBL,0.5,None,None,1.0,0.503,0.87
ICD10_C50,Cancer, Breast,CPSF3,0.5,None,None,1.0,0.633,0.739
ICD10_C50,Cancer, Breast,ATP6V0B,0.5,None,None,1.0,0.727,0.304
ICD10_C50,Cancer, Breast,PPA1,0.5,None,None,1.0,0.599,0.652
ICD10_C50,Cancer, Breast,OXSM,0.5,None,None,1.0,0.751,0.304
ICD10_C50,Cancer, Breast,PRRG1,0.5,None,None,1.0,0.869,0.13
ICD10_C50,Cancer, Breast,PRRT1,0.5,None,None,1.0,0.783,0.391
ICD10_C50,Cancer, Breast,TCF7L1,0.5,None,None,1.0,0.625,0.652
ICD10_C50,Cancer, Breast,MICALL1,0.5,None,None,1.0,0.722,0.478
ICD10_C50,Cancer, Breast,SLC7A7,0.5,None,None,1.0,0.56,0.739
ICD10_C50,Cancer, Breast,PPM1F,0.5,None,None,1.0,0.708,0.478
ICD10_C50,Cancer, Breast,TEKT4,0.5,None,None,1.0,0.783,0.304
ICD10_C50,Cancer, Breast,SLC39A12,0.5,None,None,1.0,0.708,0.522
ICD10_C50,Cancer, Breast,ELAPOR1,0.5,None,None,1.0,0.625,0.435
ICD10_C50,Cancer, Breast,KPNA5,0.5,None,None,1.0,0.869,0.174
ICD10_C50,Cancer, Breast,DPAGT1,0.5,None,None,1.0,0.538,0.87
ICD10_C50,Cancer, Breast,RASGRF2,0.5,None,None,1.0,0.588,0.739
ICD10_C50,Cancer, Breast,RFC4,0.5,None,None,1.0,0.682,0.522
ICD10_C50,Cancer, Breast,BMP1,0.5,None,None,1.0,0.568,0.783
ICD10_C50,Cancer, Breast,PLOD1,0.5,None,None,1.0,0.538,0.783
ICD10_C50,Cancer, Breast,SEMA5B,0.5,None,None,1.0,0.513,0.826
ICD10_C50,Cancer, Breast,P3H2,0.5,None,None,1.0,0.662,0.565
ICD10_C50,Cancer, Breast,N4BP2,0.5,None,None,0.0,0.804,0.304
ICD10_C50,Cancer, Breast,ZFP64,0.5,None,None,1.0,0.722,0.391
ICD10_C50,Cancer, Breast,ENPEP,0.5,None,None,1.0,0.571,0.826
ICD10_C50,Cancer, Breast,CIC,0.5,None,None,0.0,0.527,0.783
ICD10_C50,Cancer, Breast,SYNE2,0.5,None,None,1.0,0.528,0.826
ICD10_C50,Cancer, Breast,TRMT2A,0.5,None,None,1.0,0.831,0.13
ICD10_C50,Cancer, Breast,GOLGB1,0.5,None,None,0.0,0.629,0.783
ICD10_C50,Cancer, Breast,NPBWR1,0.5,None,None,1.0,0.744,0.478
ICD10_C50,Cancer, Breast,GRIK2,0.5,None,None,1.0,0.541,0.913
ICD10_C50,Cancer, Breast,APOC4,0.5,None,None,1.0,0.609,0.826
ICD10_C50,Cancer, Breast,CEP85L,0.5,None,None,1.0,0.605,0.739
ICD10_C50,Cancer, Breast,LAMA2,0.5,None,None,1.0,0.491,0.913
ICD10_C50,Cancer, Breast,GTF2A1,0.5,None,None,1.0,0.733,0.391
ICD10_C50,Cancer, Breast,ZNF541,0.5,None,None,1.0,0.869,0.087
ICD10_C50,Cancer, Breast,NOA1,0.5,None,None,1.0,0.603,0.739
ICD10_C50,Cancer, Breast,LRRFIP1,0.5,None,None,1.0,0.667,0.609
ICD10_C50,Cancer, Breast,SUV39H2,0.5,None,None,1.0,0.641,0.739
ICD10_C50,Cancer, Breast,ZNF644,0.5,None,None,1.0,0.758,0.304
ICD10_C50,Cancer, Breast,VPS13B,0.5,None,None,1.0,0.526,0.87
ICD10_C50,Cancer, Breast,DDX18,0.5,None,None,1.0,0.717,0.304
ICD10_C50,Cancer, Breast,GPC2,0.5,None,None,1.0,0.65,0.478
ICD10_C50,Cancer, Breast,ASL,0.5,None,None,0.0,0.539,0.87
ICD10_C50,Cancer, Breast,MYH1,0.5,None,None,1.0,0.611,0.783
ICD10_C50,Cancer, Breast,ARHGEF4,0.5,None,None,1.0,0.682,0.522
ICD10_C50,Cancer, Breast,TREM1,0.5,None,None,1.0,0.47,0.913
ICD10_C50,Cancer, Breast,POLH,0.5,None,None,1.0,0.614,0.652
ICD10_C50,Cancer, Breast,POLR2F,0.5,None,None,1.0,0.59,0.826
ICD10_C50,Cancer, Breast,GKN1,0.5,None,None,1.0,0.641,0.609
ICD10_C50,Cancer, Breast,MICAL1,0.5,None,None,1.0,0.664,0.391
ICD10_C50,Cancer, Breast,DDO,0.5,None,None,1.0,0.733,0.348
ICD10_C50,Cancer, Breast,INPP5K,0.5,None,None,1.0,0.593,0.739
ICD10_C50,Cancer, Breast,SIX4,0.5,None,None,1.0,0.643,0.609
ICD10_C50,Cancer, Breast,CFP,0.5,None,None,1.0,0.553,0.826
ICD10_C50,Cancer, Breast,RIF1,0.5,None,None,1.0,0.637,0.609
ICD10_C50,Cancer, Breast,NRCAM,0.5,None,None,1.0,0.538,0.87
ICD10_C50,Cancer, Breast,ZNF318,0.5,None,None,1.0,0.783,0.348
ICD10_C50,Cancer, Breast,CNTN6,0.5,None,None,1.0,0.629,0.739
ICD10_C50,Cancer, Breast,HOXA4,0.5,None,None,1.0,0.637,0.609
ICD10_C50,Cancer, Breast,ADRA1A,0.5,None,None,1.0,0.564,0.913
ICD10_C50,Cancer, Breast,B3GALNT2,0.5,None,None,1.0,0.579,0.739
ICD10_C50,Cancer, Breast,TENM1,0.5,None,None,1.0,0.676,0.696
ICD10_C50,Cancer, Breast,SPTLC1,0.5,None,None,1.0,0.564,0.696
ICD10_C50,Cancer, Breast,FAM83F,0.5,None,None,1.0,0.717,0.304
ICD10_C50,Cancer, Breast,FCRL3,0.5,None,None,1.0,0.614,0.783
ICD10_C50,Cancer, Breast,ZNF436,0.5,None,None,1.0,0.816,0.13
ICD10_C50,Cancer, Breast,SPAG6,0.5,None,None,1.0,0.652,0.565
ICD10_C50,Cancer, Breast,ARHGAP11A,0.5,None,None,1.0,0.693,0.609
ICD10_C50,Cancer, Breast,RFX2,0.5,None,None,1.0,0.744,0.348
ICD10_C50,Cancer, Breast,ADAM28,0.5,None,None,1.0,0.563,0.826
ICD10_C50,Cancer, Breast,ANK1,0.5,None,None,1.0,0.538,0.913
ICD10_C50,Cancer, Breast,ICAM5,0.5,None,None,0.0,0.565,0.87
ICD10_C50,Cancer, Breast,WARS1,0.5,None,None,1.0,0.536,0.87
ICD10_C50,Cancer, Breast,NLRC5,0.5,None,None,1.0,0.609,0.696
ICD10_C50,Cancer, Breast,EPG5,0.5,None,None,1.0,0.57,0.913
ICD10_C50,Cancer, Breast,BCORL1,0.5,None,None,1.0,0.564,0.739
ICD10_C50,Cancer, Breast,MTMR3,0.5,None,None,1.0,0.659,0.696
ICD10_C50,Cancer, Breast,AVPR2,0.5,None,None,1.0,0.526,0.87
ICD10_C50,Cancer, Breast,PANX2,0.5,None,None,1.0,0.7,0.391
ICD10_C50,Cancer, Breast,THBS3,0.45,None,None,1.0,0.686,0.696
ICD10_C50,Cancer, Breast,C11orf65,0.4,1995,2022,1.0,0.59,0.652
ICD10_C50,Cancer, Breast,RAD51L3-RFFL,0.4,2017,2019,1.0,0.758,0.304
ICD10_C50,Cancer, Breast,LOC129390903,0.4,2018,2019,1.0,0.831,0.304
ICD10_C50,Cancer, Breast,LOC130009266,0.4,2018,2019,1.0,0.869,0.13
ICD10_C50,Cancer, Breast,LOC106736614,0.4,2018,2019,1.0,0.783,0.261
ICD10_C50,Cancer, Breast,LOC126862571,0.4,2018,2019,1.0,0.717,0.261
ICD10_C50,Cancer, Breast,LOC129933707,0.4,2018,2019,1.0,0.831,0.261
ICD10_C50,Cancer, Breast,LOC107303338,0.4,2018,2019,1.0,0.804,0.348
ICD10_C50,Cancer, Breast,LOC130062899,0.4,2018,2019,1.0,0.774,0.348
ICD10_C50,Cancer, Breast,MIA2,0.4,None,None,0,0.7,0.609
ICD10_C50,Cancer, Breast,GUCY2F,0.4,None,None,0,0.758,0.304
ICD10_C50,Cancer, Breast,KRTAP21-1,0.4,None,None,0,1.0,0.087
ICD10_C50,Cancer, Breast,SP110,0.4,None,None,0,0.599,0.783
ICD10_C50,Cancer, Breast,C5orf34,0.4,None,None,0,0.848,0.13
ICD10_C50,Cancer, Breast,NLRP8,0.4,None,None,0,0.816,0.304
ICD10_C50,Cancer, Breast,COL7A1,0.4,None,None,0,0.514,0.87
ICD10_C50,Cancer, Breast,AHSA2P,0.4,None,None,0,0.869,0.13
ICD10_C50,Cancer, Breast,MPLKIP,0.4,None,None,0,0.582,0.783
ICD10_C50,Cancer, Breast,OR1N1,0.4,None,None,0,1.0,0.087
ICD10_C50,Cancer, Breast,CRX,0.4,None,None,0,0.541,0.739
ICD10_C50,Cancer, Breast,UNC45B,0.4,None,None,0,0.7,0.565
ICD10_C50,Cancer, Breast,ANKRD29,0.4,None,None,0,0.896,0.13
ICD10_C50,Cancer, Breast,DTX3L,0.4,None,None,0,0.758,0.348
ICD10_C50,Cancer, Breast,MAMDC4,0.4,None,None,0,0.848,0.174
ICD10_C50,Cancer, Breast,DGKG,0.4,None,None,0,0.679,0.652
ICD10_C50,Cancer, Breast,DNAH9,0.4,None,None,0,0.583,0.696
ICD10_C50,Cancer, Breast,ENTREP3,0.4,None,None,0,0.783,0.217
ICD10_C50,Cancer, Breast,TMED1,0.4,None,None,0,0.673,0.696
ICD10_C50,Cancer, Breast,CLASRP,0.4,None,None,0,0.793,0.348
ICD10_C50,Cancer, Breast,SCGB3A2,0.4,None,None,0,0.67,0.478
ICD10_C50,Cancer, Breast,DNAJC24,0.4,None,None,0,0.713,0.696
ICD10_C50,Cancer, Breast,PXDC1,0.4,None,None,0,1.0,0.087
ICD10_C50,Cancer, Breast,ASTN2,0.4,None,None,0,0.612,0.87
ICD10_C50,Cancer, Breast,PADI3,0.4,None,None,0,0.673,0.478
ICD10_C50,Cancer, Breast,ZNF532,0.4,None,None,0,0.783,0.348
ICD10_C50,Cancer, Breast,KIF16B,0.4,None,None,0,0.7,0.739
ICD10_C50,Cancer, Breast,FAM217B,0.4,None,None,0,0.935,0.13
ICD10_C50,Cancer, Breast,SLC8A3,0.4,None,None,0,0.689,0.696
ICD10_C50,Cancer, Breast,SPAST,0.4,None,None,0,0.572,0.609
ICD10_C50,Cancer, Breast,LONRF3,0.4,None,None,0,1.0,0.087
ICD10_C50,Cancer, Breast,DDX59,0.4,None,None,0,0.605,0.696
ICD10_C50,Cancer, Breast,TFAP2D,0.4,None,None,0,0.751,0.348
ICD10_C50,Cancer, Breast,RUFY1,0.4,None,None,0,0.816,0.391
ICD10_C50,Cancer, Breast,FSCB,0.4,None,None,0,1.0,0.087
ICD10_C50,Cancer, Breast,SYT3,0.4,None,None,0,0.869,0.174
ICD10_C50,Cancer, Breast,APOL1,0.4,None,None,0,0.508,0.783
ICD10_C50,Cancer, Breast,SLC25A51,0.4,None,None,0,0.848,0.304
ICD10_C50,Cancer, Breast,TP53I3,0.4,None,None,0,0.682,0.435
ICD10_C50,Cancer, Breast,WBP4,0.4,None,None,0,0.831,0.174
ICD10_C50,Cancer, Breast,GALNT5,0.4,None,None,0,0.765,0.348
ICD10_C50,Cancer, Breast,GPR45,0.4,None,None,0,0.816,0.348
ICD10_C50,Cancer, Breast,ADAT3,0.4,None,None,0,0.609,0.696
ICD10_C50,Cancer, Breast,SLC22A9,0.4,None,None,0,0.744,0.478
ICD10_C50,Cancer, Breast,AGAP2,0.4,None,None,0,0.657,0.565
ICD10_C50,Cancer, Breast,RHD,0.4,None,None,0,0.577,0.783
ICD10_C50,Cancer, Breast,SCNN1B,0.4,None,None,0,0.568,0.826
ICD10_C50,Cancer, Breast,SKIC2,0.4,None,None,0,0.576,0.826
ICD10_C50,Cancer, Breast,SPTAN1,0.4,None,None,0,0.507,0.826
ICD10_C50,Cancer, Breast,STRBP,0.4,None,None,0,0.793,0.304
ICD10_C50,Cancer, Breast,SLC17A6,0.4,None,None,0,0.67,0.565
ICD10_C50,Cancer, Breast,PRICKLE3,0.4,None,None,0,0.816,0.391
ICD10_C50,Cancer, Breast,YY2,0.4,None,None,0,0.804,0.261
ICD10_C50,Cancer, Breast,NUP98,0.4,None,None,0,0.591,0.609
ICD10_C50,Cancer, Breast,TAS2R13,0.4,None,None,0,0.727,0.696
ICD10_C50,Cancer, Breast,CYB5R4,0.4,None,None,0,0.783,0.217
ICD10_C50,Cancer, Breast,HSPA14,0.4,None,None,0,0.804,0.391
ICD10_C50,Cancer, Breast,PPHLN1,0.4,None,None,0,0.869,0.261
ICD10_C50,Cancer, Breast,EFCAB13,0.4,None,None,0,0.793,0.174
ICD10_C50,Cancer, Breast,FAM131A,0.4,None,None,0,1.0,0.087
ICD10_C50,Cancer, Breast,CST4,0.4,None,None,0,0.686,0.522
ICD10_C50,Cancer, Breast,TICAM1,0.4,None,None,0,0.606,0.826
ICD10_C50,Cancer, Breast,EIF5,0.4,None,None,0,0.722,0.435
ICD10_C50,Cancer, Breast,CELA1,0.4,None,None,0,0.588,0.913
ICD10_C50,Cancer, Breast,ADGRF4,0.4,None,None,0,0.783,0.304
ICD10_C50,Cancer, Breast,KIF6,0.4,None,None,0,0.645,0.652
ICD10_C50,Cancer, Breast,FRMPD1,0.4,None,None,0,0.804,0.261
ICD10_C50,Cancer, Breast,COLGALT2,0.4,None,None,0,0.758,0.348
ICD10_C50,Cancer, Breast,RGL1,0.4,None,None,0,0.733,0.348
ICD10_C50,Cancer, Breast,EHBP1,0.4,None,None,0,0.713,0.522
ICD10_C50,Cancer, Breast,UBR4,0.4,None,None,0,0.727,0.565
ICD10_C50,Cancer, Breast,GABRA4,0.4,None,None,0,0.679,0.391
ICD10_C50,Cancer, Breast,SIPA1L1,0.4,None,None,0,0.664,0.696
ICD10_C50,Cancer, Breast,GGA1,0.4,None,None,0,0.816,0.304
ICD10_C50,Cancer, Breast,ARFGAP3,0.4,None,None,0,0.793,0.217
ICD10_C50,Cancer, Breast,JAKMIP3,0.4,None,None,0,0.935,0.174
ICD10_C50,Cancer, Breast,EXOC3L1,0.4,None,None,0,0.935,0.13
ICD10_C50,Cancer, Breast,RNF149,0.4,None,None,0,0.758,0.348
ICD10_C50,Cancer, Breast,GRIN2D,0.4,None,None,0,0.452,0.957
ICD10_C50,Cancer, Breast,HK3,0.4,None,None,0,0.667,0.609
ICD10_C50,Cancer, Breast,H2AC21,0.4,None,None,0,1.0,0.087
ICD10_C50,Cancer, Breast,HOXA3,0.4,None,None,0,0.625,0.696
ICD10_C50,Cancer, Breast,MROH7,0.4,None,None,0,0.869,0.217
ICD10_C50,Cancer, Breast,GFRAL,0.4,None,None,0,0.717,0.391
ICD10_C50,Cancer, Breast,LIPE,0.4,None,None,0,0.544,0.913
ICD10_C50,Cancer, Breast,SRGAP3,0.4,None,None,0,0.693,0.609
ICD10_C50,Cancer, Breast,RCE1,0.4,None,None,0,0.722,0.609
ICD10_C50,Cancer, Breast,PLEKHA8,0.4,None,None,0,0.765,0.304
ICD10_C50,Cancer, Breast,SPOCD1,0.4,None,None,0,0.744,0.261
ICD10_C50,Cancer, Breast,SCARF2,0.4,None,None,0,0.593,0.826
ICD10_C50,Cancer, Breast,RRP9,0.4,None,None,0,0.738,0.261
ICD10_C50,Cancer, Breast,RASL10B,0.4,None,None,0,0.848,0.217
ICD10_C50,Cancer, Breast,BOC,0.4,None,None,0,0.696,0.565
ICD10_C50,Cancer, Breast,AKAP6,0.4,None,None,0,0.618,0.783
ICD10_C50,Cancer, Breast,ACY1,0.4,None,None,0,0.595,0.783
ICD10_C50,Cancer, Breast,STARD8,0.4,None,None,0,0.744,0.478
ICD10_C50,Cancer, Breast,CTIF,0.4,None,None,0,0.793,0.435
ICD10_C50,Cancer, Breast,VPS72,0.4,None,None,0,0.758,0.261
ICD10_C50,Cancer, Breast,ZNF22,0.4,None,None,0,0.816,0.261
ICD10_C50,Cancer, Breast,ZNF75A,0.4,None,None,0,0.896,0.174
ICD10_C50,Cancer, Breast,PRRC2A,0.4,None,None,0,0.624,0.783
ICD10_C50,Cancer, Breast,ZBTB3,0.4,None,None,0,0.758,0.304
ICD10_C50,Cancer, Breast,CLPTM1L,0.4,None,None,0,0.568,0.913
ICD10_C50,Cancer, Breast,CFHR5,0.4,None,None,0,0.618,0.565
ICD10_C50,Cancer, Breast,TSC22D4,0.4,None,None,0,0.722,0.391
ICD10_C50,Cancer, Breast,PURG,0.4,None,None,0,0.804,0.304
ICD10_C50,Cancer, Breast,NLRP9,0.4,None,None,0,0.758,0.478
ICD10_C50,Cancer, Breast,TRIML1,0.4,None,None,0,0.935,0.13
ICD10_C50,Cancer, Breast,TMEM125,0.4,None,None,0,0.783,0.217
ICD10_C50,Cancer, Breast,CRYAA,0.4,None,None,0,0.563,0.826
ICD10_C50,Cancer, Breast,USP54,0.4,None,None,0,0.774,0.261
ICD10_C50,Cancer, Breast,GPR180,0.4,None,None,0,0.744,0.391
ICD10_C50,Cancer, Breast,DBN1,0.4,None,None,0,0.577,0.739
ICD10_C50,Cancer, Breast,DAW1,0.4,None,None,0,0.662,0.565
ICD10_C50,Cancer, Breast,XIRP1,0.4,None,None,0,0.637,0.652
ICD10_C50,Cancer, Breast,FARP1,0.4,None,None,0,0.693,0.565
ICD10_C50,Cancer, Breast,CDS1,0.4,None,None,0,0.704,0.696
ICD10_C50,Cancer, Breast,ZNF277,0.4,None,None,0,0.722,0.522
ICD10_C50,Cancer, Breast,ABCB8,0.4,None,None,0,0.758,0.348
ICD10_C50,Cancer, Breast,CHRND,0.4,None,None,0,0.558,0.913
ICD10_C50,Cancer, Breast,SORCS1,0.4,None,None,0,0.673,0.435
ICD10_C50,Cancer, Breast,OSBPL11,0.4,None,None,0,0.804,0.304
ICD10_C50,Cancer, Breast,TBC1D9B,0.4,None,None,0,1.0,0.087
ICD10_C50,Cancer, Breast,GGA3,0.4,None,None,0,0.758,0.435
ICD10_C50,Cancer, Breast,ZCCHC14,0.4,None,None,0,0.727,0.522
ICD10_C50,Cancer, Breast,STX12,0.4,None,None,0,0.727,0.478
ICD10_C50,Cancer, Breast,G6PC1,0.4,None,None,0,0.509,0.783
ICD10_C50,Cancer, Breast,CATSPERE,0.4,None,None,0,0.848,0.174
ICD10_C50,Cancer, Breast,TOR1AIP1,0.4,None,None,0,0.67,0.609
ICD10_C50,Cancer, Breast,DAZAP1,0.4,None,None,0,0.758,0.478
ICD10_C50,Cancer, Breast,PGBD3,0.4,None,None,0,0.783,0.478
ICD10_C50,Cancer, Breast,NFYC,0.4,None,None,0,0.744,0.652
ICD10_C50,Cancer, Breast,CUTC,0.4,None,None,0,0.869,0.261
ICD10_C50,Cancer, Breast,TRAPPC12,0.4,None,None,0,0.676,0.652
ICD10_C50,Cancer, Breast,KRT76,0.4,None,None,0,0.654,0.739
ICD10_C50,Cancer, Breast,ATP8B1,0.4,None,None,0,0.589,0.739
ICD10_C50,Cancer, Breast,GNB1L,0.4,None,None,0,0.733,0.435
ICD10_C50,Cancer, Breast,MAGOHB,0.4,None,None,0,0.816,0.174
ICD10_C50,Cancer, Breast,ZDHHC4,0.4,None,None,0,0.848,0.174
ICD10_C50,Cancer, Breast,UQCC1,0.4,None,None,0,0.774,0.217
ICD10_C50,Cancer, Breast,TMEM39A,0.4,None,None,0,0.758,0.304
ICD10_C50,Cancer, Breast,PRPS1,0.4,None,None,0,0.531,0.826
ICD10_C50,Cancer, Breast,TECTA,0.4,None,None,0,0.614,0.783
ICD10_C50,Cancer, Breast,TLL1,0.4,None,None,0,0.58,0.783
ICD10_C50,Cancer, Breast,LZTS2,0.4,None,None,0,0.713,0.391
ICD10_C50,Cancer, Breast,KBTBD8,0.4,None,None,0,0.869,0.304
ICD10_C50,Cancer, Breast,MFSD9,0.4,None,None,0,0.935,0.174
ICD10_C50,Cancer, Breast,THOC5,0.4,None,None,0,0.664,0.565
ICD10_C50,Cancer, Breast,MAP3K6,0.4,None,None,0,0.696,0.609
ICD10_C50,Cancer, Breast,SLC6A5,0.4,None,None,0,0.635,0.652
ICD10_C50,Cancer, Breast,ACAP1,0.4,None,None,0,0.765,0.391
ICD10_C50,Cancer, Breast,FASTKD3,0.4,None,None,0,1.0,0.087
ICD10_C50,Cancer, Breast,PTPN14,0.4,None,None,0,0.599,0.652
ICD10_C50,Cancer, Breast,RANBP1,0.4,None,None,0,0.686,0.652
ICD10_C50,Cancer, Breast,SCP2,0.4,None,None,0,0.6,0.652
ICD10_C50,Cancer, Breast,PCDH20,0.4,None,None,0,0.713,0.565
ICD10_C50,Cancer, Breast,STX5,0.4,None,None,0,0.676,0.522
ICD10_C50,Cancer, Breast,NLE1,0.4,None,None,0,0.722,0.348
ICD10_C50,Cancer, Breast,TMEM161A,0.4,None,None,0,0.935,0.174
ICD10_C50,Cancer, Breast,NUP133,0.4,None,None,0,0.618,0.783
ICD10_C50,Cancer, Breast,FEM1C,0.4,None,None,0,0.816,0.261
ICD10_C50,Cancer, Breast,MAGEA4,0.4,None,None,0,0.635,0.478
ICD10_C50,Cancer, Breast,NDUFA2,0.4,None,None,0,0.682,0.565
ICD10_C50,Cancer, Breast,SMARCAL1,0.4,None,None,0,0.546,0.826
ICD10_C50,Cancer, Breast,HOOK1,0.4,None,None,0,0.713,0.522
ICD10_C50,Cancer, Breast,ANAPC5,0.4,None,None,0,0.869,0.174
ICD10_C50,Cancer, Breast,ZNF438,0.4,None,None,0,0.816,0.304
ICD10_C50,Cancer, Breast,FKTN,0.4,None,None,0,0.509,0.739
ICD10_C50,Cancer, Breast,BEND7,0.4,None,None,0,0.869,0.261
ICD10_C50,Cancer, Breast,NID2,0.4,None,None,0,0.625,0.739
ICD10_C50,Cancer, Breast,MCF2L2,0.4,None,None,0,0.618,0.783
ICD10_C50,Cancer, Breast,HEATR9,0.4,None,None,0,0.896,0.13
ICD10_C50,Cancer, Breast,ALS2CL,0.4,None,None,0,0.848,0.174
ICD10_C50,Cancer, Breast,GRM6,0.4,None,None,0,0.605,0.565
ICD10_C50,Cancer, Breast,WDR53,0.4,None,None,0,0.896,0.13
ICD10_C50,Cancer, Breast,KCNJ1,0.4,None,None,0,0.563,0.826
ICD10_C50,Cancer, Breast,KRTAP10-8,0.4,None,None,0,0.935,0.13
ICD10_C50,Cancer, Breast,C4orf50,0.4,None,None,0,0.935,0.174
ICD10_C50,Cancer, Breast,FAM210A,0.4,None,None,0,0.758,0.348
ICD10_C50,Cancer, Breast,COL19A1,0.4,None,None,0,0.816,0.304
ICD10_C50,Cancer, Breast,ZNF569,0.4,None,None,0,0.816,0.217
ICD10_C50,Cancer, Breast,CLCN1,0.4,None,None,0,0.559,0.826
ICD10_C50,Cancer, Breast,TTC3,0.4,None,None,0,0.765,0.435
ICD10_C50,Cancer, Breast,SMC6,0.4,None,None,0,0.831,0.217
ICD10_C50,Cancer, Breast,WDCP,0.4,None,None,0,0.935,0.087
ICD10_C50,Cancer, Breast,EOMES,0.4,None,None,0,0.566,0.783
ICD10_C50,Cancer, Breast,TESK1,0.4,None,None,0,0.935,0.174
ICD10_C50,Cancer, Breast,C1QB,0.4,None,None,0,0.584,0.87
ICD10_C50,Cancer, Breast,ZNHIT2,0.4,None,None,0,0.774,0.261
ICD10_C50,Cancer, Breast,HOOK3,0.4,None,None,0,0.783,0.348
ICD10_C50,Cancer, Breast,DGKE,0.4,None,None,0,0.647,0.609
ICD10_C50,Cancer, Breast,TAX1BP1,0.4,None,None,0,0.689,0.696
ICD10_C50,Cancer, Breast,STPG1,0.4,None,None,0,0.869,0.261
ICD10_C50,Cancer, Breast,TRMT10A,0.4,None,None,0,0.606,0.696
ICD10_C50,Cancer, Breast,OTOF,0.4,None,None,0,0.629,0.652
ICD10_C50,Cancer, Breast,ZNF432,0.4,None,None,0,0.896,0.174
ICD10_C50,Cancer, Breast,ANKEF1,0.4,None,None,0,0.935,0.174
ICD10_C50,Cancer, Breast,PKDREJ,0.4,None,None,0,0.896,0.217
ICD10_C50,Cancer, Breast,ARFGEF2,0.4,None,None,0,0.624,0.609
ICD10_C50,Cancer, Breast,HADHB,0.4,None,None,0,0.542,0.826
ICD10_C50,Cancer, Breast,PIK3R4,0.4,None,None,0,0.727,0.522
ICD10_C50,Cancer, Breast,KRTAP20-1,0.4,None,None,0,1.0,0.087
ICD10_C50,Cancer, Breast,NLRP14,0.4,None,None,0,0.848,0.13
ICD10_C50,Cancer, Breast,ZNF546,0.4,None,None,0,0.935,0.174
ICD10_C50,Cancer, Breast,TREML1,0.4,None,None,0,0.704,0.652
ICD10_C50,Cancer, Breast,KCNT2,0.4,None,None,0,0.645,0.478
ICD10_C50,Cancer, Breast,SPATA21,0.4,None,None,0,0.869,0.261
ICD10_C50,Cancer, Breast,ABCB10,0.4,None,None,0,0.727,0.478
ICD10_C50,Cancer, Breast,HEPACAM2,0.4,None,None,0,0.793,0.565
ICD10_C50,Cancer, Breast,MAP7D2,0.4,None,None,0,1.0,0.087
ICD10_C50,Cancer, Breast,BOD1L1,0.4,None,None,0,0.831,0.217
ICD10_C50,Cancer, Breast,IL1RAPL2,0.4,None,None,0,0.765,0.391
ICD10_C50,Cancer, Breast,CNNM4,0.4,None,None,0,0.662,0.435
ICD10_C50,Cancer, Breast,CDH20,0.4,None,None,0,0.816,0.087
ICD10_C50,Cancer, Breast,OTOGL,0.4,None,None,0,0.733,0.435
ICD10_C50,Cancer, Breast,UTS2R,0.4,None,None,0,0.598,0.652
ICD10_C50,Cancer, Breast,CNGA2,0.4,None,None,0,0.935,0.174
ICD10_C50,Cancer, Breast,WDR88,0.4,None,None,0,0.935,0.13
ICD10_C50,Cancer, Breast,C1orf87,0.4,None,None,0,0.831,0.304
ICD10_C50,Cancer, Breast,RTP1,0.4,None,None,0,0.848,0.217
ICD10_C50,Cancer, Breast,DNAJC21,0.4,None,None,0,0.549,0.87
ICD10_C50,Cancer, Breast,ABHD12B,0.4,None,None,0,0.831,0.261
ICD10_C50,Cancer, Breast,NOP9,0.4,None,None,0,0.869,0.217
ICD10_C50,Cancer, Breast,GIMAP1,0.4,None,None,0,0.664,0.696
ICD10_C50,Cancer, Breast,ADAMTS19,0.4,None,None,0,0.664,0.522
ICD10_C50,Cancer, Breast,ZNF25,0.4,None,None,0,0.765,0.435
ICD10_C50,Cancer, Breast,TSPAN4,0.4,None,None,0,0.708,0.391
ICD10_C50,Cancer, Breast,TPTE,0.4,None,None,0,0.67,0.696
ICD10_C50,Cancer, Breast,TRPC4,0.4,None,None,0,0.622,0.565
ICD10_C50,Cancer, Breast,NAA25,0.4,None,None,0,0.7,0.565
ICD10_C50,Cancer, Breast,OR12D3,0.4,None,None,0,0.793,0.304
ICD10_C50,Cancer, Breast,DYSF,0.4,None,None,0,0.531,0.87
ICD10_C50,Cancer, Breast,COG3,0.4,None,None,0,0.696,0.522
ICD10_C50,Cancer, Breast,MANEA,0.4,None,None,0,0.717,0.478
ICD10_C50,Cancer, Breast,FCRL5,0.4,None,None,0,0.686,0.652
ICD10_C50,Cancer, Breast,LRRC7,0.4,None,None,0,0.696,0.565
ICD10_C50,Cancer, Breast,WFDC1,0.4,None,None,0,0.744,0.391
ICD10_C50,Cancer, Breast,OSTC,0.4,None,None,0,0.751,0.435
ICD10_C50,Cancer, Breast,RUSF1,0.4,None,None,0,0.896,0.217
ICD10_C50,Cancer, Breast,FNDC3B,0.4,None,None,0,0.605,0.652
ICD10_C50,Cancer, Breast,SLC9A2,0.4,None,None,0,0.676,0.783
ICD10_C50,Cancer, Breast,SURF1,0.4,None,None,0,0.566,0.826
ICD10_C50,Cancer, Breast,TMTC4,0.4,None,None,0,0.774,0.478
ICD10_C50,Cancer, Breast,SSNA1,0.4,None,None,0,0.758,0.435
ICD10_C50,Cancer, Breast,INA,0.4,None,None,0,0.558,0.783
ICD10_C50,Cancer, Breast,LMF2,0.4,None,None,0,0.869,0.174
ICD10_C50,Cancer, Breast,MED14,0.4,None,None,0,0.774,0.391
ICD10_C50,Cancer, Breast,PIGS,0.4,None,None,0,0.575,0.87
ICD10_C50,Cancer, Breast,ZNF646,0.4,None,None,0,0.848,0.174
ICD10_C50,Cancer, Breast,PHKB,0.4,None,None,0,0.657,0.565
ICD10_C50,Cancer, Breast,PNLIPRP1,0.4,None,None,0,0.744,0.304
ICD10_C50,Cancer, Breast,RPRD1A,0.4,None,None,0,1.0,0.087
ICD10_C50,Cancer, Breast,SBNO1,0.4,None,None,0,0.662,0.696
ICD10_C50,Cancer, Breast,MTMR8,0.4,None,None,0,0.896,0.217
ICD10_C50,Cancer, Breast,DHX32,0.4,None,None,0,0.758,0.304
ICD10_C50,Cancer, Breast,NDUFA3,0.4,None,None,0,1.0,0.087
ICD10_C50,Cancer, Breast,NIP7,0.4,None,None,0,0.935,0.087
ICD10_C50,Cancer, Breast,PHF7,0.4,None,None,0,0.896,0.261
